{
    "total_records": 918,
    "heart_disease_distribution": {
        "1": 508,
        "0": 410
    },
    "gender_distribution": {
        "M": 725,
        "F": 193
    },
    "heart_disease_by_gender": {
        "F": 0.25906735751295334,
        "M": 0.6317241379310344
    },
    "age_stats": {
        "count": 918.0,
        "mean": 53.510893246187365,
        "std": 9.43261650673201,
        "min": 28.0,
        "25%": 47.0,
        "50%": 54.0,
        "75%": 60.0,
        "max": 77.0
    },
    "cholesterol_stats": {
        "count": 918.0,
        "mean": 198.7995642701525,
        "std": 109.38414455220348,
        "min": 0.0,
        "25%": 173.25,
        "50%": 223.0,
        "75%": 267.0,
        "max": 603.0
    },
    "resting_bp_stats": {
        "count": 918.0,
        "mean": 132.39651416122004,
        "std": 18.5141541199078,
        "min": 0.0,
        "25%": 120.0,
        "50%": 130.0,
        "75%": 140.0,
        "max": 200.0
    },
    "max_hr_stats": {
        "count": 918.0,
        "mean": 136.80936819172112,
        "std": 25.4603341382503,
        "min": 60.0,
        "25%": 120.0,
        "50%": 138.0,
        "75%": 156.0,
        "max": 202.0
    },
    "chest_pain_distribution": {
        "ASY": 496,
        "NAP": 203,
        "ATA": 173,
        "TA": 46
    },
    "heart_disease_by_chest_pain": {
        "ASY": 0.7903225806451613,
        "ATA": 0.13872832369942195,
        "NAP": 0.35467980295566504,
        "TA": 0.43478260869565216
    },
    "st_slope_distribution": {
        "Flat": 460,
        "Up": 395,
        "Down": 63
    },
    "heart_disease_by_st_slope": {
        "Down": 0.7777777777777778,
        "Flat": 0.8282608695652174,
        "Up": 0.19746835443037974
    },
    "correlation_matrix": {
        "Age": {
            "Age": 1.0,
            "RestingBP": 0.2543993561515428,
            "Cholesterol": -0.09528177118121824,
            "MaxHR": -0.3820446750319701,
            "Oldpeak": 0.25861153601875636,
            "FastingBS": 0.19803906586674333,
            "HeartDisease": 0.2820385058189964
        },
        "RestingBP": {
            "Age": 0.2543993561515428,
            "RestingBP": 1.0,
            "Cholesterol": 0.10089294207709164,
            "MaxHR": -0.11213499711298038,
            "Oldpeak": 0.16480304317138791,
            "FastingBS": 0.07019333570992349,
            "HeartDisease": 0.10758898037140385
        },
        "Cholesterol": {
            "Age": -0.09528177118121824,
            "RestingBP": 0.10089294207709164,
            "Cholesterol": 1.0,
            "MaxHR": 0.23579240300238535,
            "Oldpeak": 0.050148109140803906,
            "FastingBS": -0.2609743277657631,
            "HeartDisease": -0.2327406389270114
        },
        "MaxHR": {
            "Age": -0.3820446750319701,
            "RestingBP": -0.11213499711298038,
            "Cholesterol": 0.23579240300238535,
            "MaxHR": 1.0,
            "Oldpeak": -0.1606905500499244,
            "FastingBS": -0.13143849139344047,
            "HeartDisease": -0.4004207694631906
        },
        "Oldpeak": {
            "Age": 0.25861153601875636,
            "RestingBP": 0.16480304317138791,
            "Cholesterol": 0.050148109140803906,
            "MaxHR": -0.1606905500499244,
            "Oldpeak": 1.0,
            "FastingBS": 0.05269786028732151,
            "HeartDisease": 0.40395072206288607
        },
        "FastingBS": {
            "Age": 0.19803906586674333,
            "RestingBP": 0.07019333570992349,
            "Cholesterol": -0.2609743277657631,
            "MaxHR": -0.13143849139344047,
            "Oldpeak": 0.05269786028732151,
            "FastingBS": 1.0,
            "HeartDisease": 0.26729118611029784
        },
        "HeartDisease": {
            "Age": 0.2820385058189964,
            "RestingBP": 0.10758898037140385,
            "Cholesterol": -0.2327406389270114,
            "MaxHR": -0.4004207694631906,
            "Oldpeak": 0.40395072206288607,
            "FastingBS": 0.26729118611029784,
            "HeartDisease": 1.0
        }
    }
}